[
{
  "model": "service_development.voicelabel",
  "pk": 1,
  "fields": {
    "name": "Dutch language",
    "description": "Nederlandse taal"
  }
},
{
  "model": "service_development.voicelabel",
  "pk": 2,
  "fields": {
    "name": "General error message",
    "description": ""
  }
},
{
  "model": "service_development.voicelabel",
  "pk": 3,
  "fields": {
    "name": "This is the truth",
    "description": ""
  }
},
{
  "model": "service_development.voicelabel",
  "pk": 4,
  "fields": {
    "name": "English language",
    "description": ""
  }
},
{
  "model": "service_development.voicelabel",
  "pk": 5,
  "fields": {
    "name": "Thank you for using this service",
    "description": ""
  }
},
{
  "model": "service_development.voicelabel",
  "pk": 6,
  "fields": {
    "name": "Wow, it must be a really boring guy!",
    "description": ""
  }
},
{
  "model": "service_development.voicelabel",
  "pk": 7,
  "fields": {
    "name": "French language",
    "description": ""
  }
},
{
  "model": "service_development.voicelabel",
  "pk": 8,
  "fields": {
    "name": "Please select your language",
    "description": ""
  }
},
{
  "model": "service_development.voicelabel",
  "pk": 9,
  "fields": {
    "name": "Pre Choice Option",
    "description": ""
  }
},
{
  "model": "service_development.voicelabel",
  "pk": 10,
  "fields": {
    "name": "Post Choice Option",
    "description": ""
  }
},
{
  "model": "service_development.voicelabel",
  "pk": 11,
  "fields": {
    "name": "One",
    "description": ""
  }
},
{
  "model": "service_development.voicelabel",
  "pk": 12,
  "fields": {
    "name": "Two",
    "description": ""
  }
},
{
  "model": "service_development.voicelabel",
  "pk": 13,
  "fields": {
    "name": "Three",
    "description": ""
  }
},
{
  "model": "service_development.voicelabel",
  "pk": 14,
  "fields": {
    "name": "Four",
    "description": ""
  }
},
{
  "model": "service_development.voicelabel",
  "pk": 15,
  "fields": {
    "name": "Five",
    "description": ""
  }
},
{
  "model": "service_development.voicelabel",
  "pk": 16,
  "fields": {
    "name": "Six",
    "description": ""
  }
},
{
  "model": "service_development.voicelabel",
  "pk": 17,
  "fields": {
    "name": "Seven",
    "description": ""
  }
},
{
  "model": "service_development.voicelabel",
  "pk": 18,
  "fields": {
    "name": "Eight",
    "description": ""
  }
},
{
  "model": "service_development.voicelabel",
  "pk": 19,
  "fields": {
    "name": "Nine",
    "description": ""
  }
},
{
  "model": "service_development.voicelabel",
  "pk": 20,
  "fields": {
    "name": "Zero",
    "description": ""
  }
},
{
  "model": "service_development.voicelabel",
  "pk": 21,
  "fields": {
    "name": "Yes",
    "description": ""
  }
},
{
  "model": "service_development.voicelabel",
  "pk": 22,
  "fields": {
    "name": "No",
    "description": ""
  }
},
{
  "model": "service_development.voicelabel",
  "pk": 23,
  "fields": {
    "name": "Does the king like to drink beer?",
    "description": ""
  }
},
{
  "model": "service_development.voicelabel",
  "pk": 25,
  "fields": {
    "name": "Please speak your message",
    "description": ""
  }
},
{
  "model": "service_development.voicelabel",
  "pk": 26,
  "fields": {
    "name": "Wet",
    "description": null
  }
},
{
  "model": "service_development.voicelabel",
  "pk": 29,
  "fields": {
    "name": "Cocoa",
    "description": null
  }
},
{
  "model": "service_development.voicelabel",
  "pk": 30,
  "fields": {
    "name": "Corn",
    "description": null
  }
},
{
  "model": "service_development.voicelabel",
  "pk": 31,
  "fields": {
    "name": "Cotton",
    "description": null
  }
},
{
  "model": "service_development.voicelabel",
  "pk": 32,
  "fields": {
    "name": "Dry",
    "description": null
  }
},
{
  "model": "service_development.voicelabel",
  "pk": 33,
  "fields": {
    "name": "For-language-press-button",
    "description": "english 1, french 2"
  }
},
{
  "model": "service_development.voicelabel",
  "pk": 34,
  "fields": {
    "name": "fertilizer-or-howto",
    "description": null
  }
},
{
  "model": "service_development.voicelabel",
  "pk": 35,
  "fields": {
    "name": "ammonium-sulphate",
    "description": null
  }
},
{
  "model": "service_development.voicelabel",
  "pk": 36,
  "fields": {
    "name": "asasa-wure",
    "description": null
  }
},
{
  "model": "service_development.voicelabel",
  "pk": 37,
  "fields": {
    "name": "give-crop-weather",
    "description": null
  }
},
{
  "model": "service_development.voicelabel",
  "pk": 38,
  "fields": {
    "name": "inoculant",
    "description": null
  }
},
{
  "model": "service_development.voicelabel",
  "pk": 39,
  "fields": {
    "name": "please-try-again",
    "description": null
  }
},
{
  "model": "service_development.voicelabel",
  "pk": 40,
  "fields": {
    "name": "welcome",
    "description": null
  }
},
{
  "model": "service_development.voicelabel",
  "pk": 41,
  "fields": {
    "name": "sorry",
    "description": null
  }
},
{
  "model": "service_development.voicelabel",
  "pk": 42,
  "fields": {
    "name": "select-weather",
    "description": null
  }
},
{
  "model": "service_development.voicelabel",
  "pk": 43,
  "fields": {
    "name": "select-language",
    "description": null
  }
},
{
  "model": "service_development.voicelabel",
  "pk": 44,
  "fields": {
    "name": "select-crop",
    "description": null
  }
},
{
  "model": "service_development.voicelabel",
  "pk": 45,
  "fields": {
    "name": "flowering",
    "description": null
  }
},
{
  "model": "service_development.voicelabel",
  "pk": 46,
  "fields": {
    "name": "planting",
    "description": null
  }
},
{
  "model": "service_development.voicelabel",
  "pk": 47,
  "fields": {
    "name": "okra",
    "description": null
  }
},
{
  "model": "service_development.voicelabel",
  "pk": 48,
  "fields": {
    "name": "cassava",
    "description": null
  }
},
{
  "model": "service_development.voicelabel",
  "pk": 49,
  "fields": {
    "name": "mango",
    "description": null
  }
},
{
  "model": "service_development.voicelabel",
  "pk": 50,
  "fields": {
    "name": "thanks for using MaMoisson",
    "description": null
  }
},
{
  "model": "service_development.voicelabel",
  "pk": 51,
  "fields": {
    "name": "have a nice day",
    "description": null
  }
},
{
  "model": "service_development.voicelabel",
  "pk": 52,
  "fields": {
    "name": "advice-okra-flowering",
    "description": null
  }
},
{
  "model": "service_development.voicelabel",
  "pk": 53,
  "fields": {
    "name": "advice-okra-planting",
    "description": null
  }
},
{
  "model": "service_development.voicelabel",
  "pk": 54,
  "fields": {
    "name": "advice-mango-1",
    "description": null
  }
},
{
  "model": "service_development.voicelabel",
  "pk": 55,
  "fields": {
    "name": "advice-mango-2",
    "description": null
  }
},
{
  "model": "service_development.voicelabel",
  "pk": 56,
  "fields": {
    "name": "advice-mango-3",
    "description": null
  }
},
{
  "model": "service_development.voicelabel",
  "pk": 57,
  "fields": {
    "name": "advice-cassava",
    "description": null
  }
},
{
  "model": "service_development.voicelabel",
  "pk": 58,
  "fields": {
    "name": "2-split-application",
    "description": null
  }
},
{
  "model": "service_development.voicelabel",
  "pk": 59,
  "fields": {
    "name": "3-split-application",
    "description": null
  }
},
{
  "model": "service_development.voicelabel",
  "pk": 60,
  "fields": {
    "name": "tomato",
    "description": null
  }
},
{
  "model": "service_development.voicelabel",
  "pk": 61,
  "fields": {
    "name": "select-planting-flowering",
    "description": null
  }
},
{
  "model": "service_development.voicelabel",
  "pk": 62,
  "fields": {
    "name": "planting-flowering-options",
    "description": null
  }
},
{
  "model": "service_development.voicelabel",
  "pk": 63,
  "fields": {
    "name": "select-age",
    "description": null
  }
},
{
  "model": "service_development.language",
  "pk": 1,
  "fields": {
    "name": "Nederlands",
    "code": "nl",
    "voice_label": 1,
    "error_message": 2,
    "select_language": 8,
    "pre_choice_option": 9,
    "post_choice_option": 10,
    "one": 11,
    "two": 12,
    "three": 13,
    "four": 14,
    "five": 15,
    "six": 16,
    "seven": 17,
    "eight": 18,
    "nine": 19,
    "zero": 20
  }
},
{
  "model": "service_development.language",
  "pk": 2,
  "fields": {
    "name": "English",
    "code": "en",
    "voice_label": 4,
    "error_message": 2,
    "select_language": 8,
    "pre_choice_option": 9,
    "post_choice_option": 10,
    "one": 11,
    "two": 12,
    "three": 13,
    "four": 14,
    "five": 15,
    "six": 16,
    "seven": 17,
    "eight": 18,
    "nine": 19,
    "zero": 20
  }
},
{
  "model": "service_development.language",
  "pk": 3,
  "fields": {
    "name": "Francais",
    "code": "fr",
    "voice_label": 7,
    "error_message": 2,
    "select_language": 8,
    "pre_choice_option": 9,
    "post_choice_option": 10,
    "one": 11,
    "two": 12,
    "three": 13,
    "four": 14,
    "five": 15,
    "six": 16,
    "seven": 17,
    "eight": 18,
    "nine": 19,
    "zero": 20
  }
},
{
  "model": "service_development.voicefragment",
  "pk": 1,
  "fields": {
    "parent": 6,
    "language": 2,
    "audio": "boring_guy_en.wav"
  }
},
{
  "model": "service_development.voicefragment",
  "pk": 2,
  "fields": {
    "parent": 6,
    "language": 1,
    "audio": "boring_guy_nl.wav"
  }
},
{
  "model": "service_development.voicefragment",
  "pk": 6,
  "fields": {
    "parent": 22,
    "language": 1,
    "audio": "no_nl.wav"
  }
},
{
  "model": "service_development.voicefragment",
  "pk": 7,
  "fields": {
    "parent": 22,
    "language": 2,
    "audio": "no_en.wav"
  }
},
{
  "model": "service_development.voicefragment",
  "pk": 8,
  "fields": {
    "parent": 22,
    "language": 3,
    "audio": "no_fr.wav"
  }
},
{
  "model": "service_development.voicefragment",
  "pk": 9,
  "fields": {
    "parent": 21,
    "language": 1,
    "audio": "yes_nl.wav"
  }
},
{
  "model": "service_development.voicefragment",
  "pk": 10,
  "fields": {
    "parent": 21,
    "language": 2,
    "audio": "yes_en.wav"
  }
},
{
  "model": "service_development.voicefragment",
  "pk": 11,
  "fields": {
    "parent": 21,
    "language": 3,
    "audio": "yes_fr.wav"
  }
},
{
  "model": "service_development.voicefragment",
  "pk": 12,
  "fields": {
    "parent": 20,
    "language": 1,
    "audio": "0_nl.wav"
  }
},
{
  "model": "service_development.voicefragment",
  "pk": 13,
  "fields": {
    "parent": 20,
    "language": 2,
    "audio": "0_en.wav"
  }
},
{
  "model": "service_development.voicefragment",
  "pk": 14,
  "fields": {
    "parent": 20,
    "language": 3,
    "audio": "0_fr.wav"
  }
},
{
  "model": "service_development.voicefragment",
  "pk": 15,
  "fields": {
    "parent": 19,
    "language": 1,
    "audio": "9_nl.wav"
  }
},
{
  "model": "service_development.voicefragment",
  "pk": 16,
  "fields": {
    "parent": 19,
    "language": 2,
    "audio": "9_fr.wav"
  }
},
{
  "model": "service_development.voicefragment",
  "pk": 17,
  "fields": {
    "parent": 19,
    "language": 3,
    "audio": "9_en.wav"
  }
},
{
  "model": "service_development.voicefragment",
  "pk": 18,
  "fields": {
    "parent": 18,
    "language": 1,
    "audio": "8_nl.wav"
  }
},
{
  "model": "service_development.voicefragment",
  "pk": 19,
  "fields": {
    "parent": 18,
    "language": 2,
    "audio": "8_en.wav"
  }
},
{
  "model": "service_development.voicefragment",
  "pk": 20,
  "fields": {
    "parent": 18,
    "language": 3,
    "audio": "8_fr.wav"
  }
},
{
  "model": "service_development.voicefragment",
  "pk": 21,
  "fields": {
    "parent": 17,
    "language": 1,
    "audio": "7_nl.wav"
  }
},
{
  "model": "service_development.voicefragment",
  "pk": 22,
  "fields": {
    "parent": 17,
    "language": 2,
    "audio": "7_en.wav"
  }
},
{
  "model": "service_development.voicefragment",
  "pk": 23,
  "fields": {
    "parent": 17,
    "language": 3,
    "audio": "7_fr.wav"
  }
},
{
  "model": "service_development.voicefragment",
  "pk": 24,
  "fields": {
    "parent": 16,
    "language": 1,
    "audio": "6_nl.wav"
  }
},
{
  "model": "service_development.voicefragment",
  "pk": 25,
  "fields": {
    "parent": 16,
    "language": 2,
    "audio": "6_en.wav"
  }
},
{
  "model": "service_development.voicefragment",
  "pk": 26,
  "fields": {
    "parent": 16,
    "language": 3,
    "audio": "6_fr.wav"
  }
},
{
  "model": "service_development.voicefragment",
  "pk": 27,
  "fields": {
    "parent": 15,
    "language": 1,
    "audio": "5_nl.wav"
  }
},
{
  "model": "service_development.voicefragment",
  "pk": 28,
  "fields": {
    "parent": 15,
    "language": 2,
    "audio": "5_en.wav"
  }
},
{
  "model": "service_development.voicefragment",
  "pk": 29,
  "fields": {
    "parent": 15,
    "language": 3,
    "audio": "5_fr.wav"
  }
},
{
  "model": "service_development.voicefragment",
  "pk": 30,
  "fields": {
    "parent": 14,
    "language": 1,
    "audio": "4_nl.wav"
  }
},
{
  "model": "service_development.voicefragment",
  "pk": 31,
  "fields": {
    "parent": 14,
    "language": 2,
    "audio": "4_fr.wav"
  }
},
{
  "model": "service_development.voicefragment",
  "pk": 32,
  "fields": {
    "parent": 14,
    "language": 3,
    "audio": "4_en.wav"
  }
},
{
  "model": "service_development.voicefragment",
  "pk": 33,
  "fields": {
    "parent": 13,
    "language": 1,
    "audio": "3_nl.wav"
  }
},
{
  "model": "service_development.voicefragment",
  "pk": 34,
  "fields": {
    "parent": 13,
    "language": 2,
    "audio": "3_en.wav"
  }
},
{
  "model": "service_development.voicefragment",
  "pk": 35,
  "fields": {
    "parent": 13,
    "language": 3,
    "audio": "3_fr.wav"
  }
},
{
  "model": "service_development.voicefragment",
  "pk": 36,
  "fields": {
    "parent": 12,
    "language": 1,
    "audio": "2_nl.wav"
  }
},
{
  "model": "service_development.voicefragment",
  "pk": 37,
  "fields": {
    "parent": 12,
    "language": 2,
    "audio": "2_en.wav"
  }
},
{
  "model": "service_development.voicefragment",
  "pk": 38,
  "fields": {
    "parent": 12,
    "language": 3,
    "audio": "2_fr.wav"
  }
},
{
  "model": "service_development.voicefragment",
  "pk": 39,
  "fields": {
    "parent": 11,
    "language": 1,
    "audio": "1_nl.wav"
  }
},
{
  "model": "service_development.voicefragment",
  "pk": 40,
  "fields": {
    "parent": 11,
    "language": 2,
    "audio": "1_en.wav"
  }
},
{
  "model": "service_development.voicefragment",
  "pk": 41,
  "fields": {
    "parent": 11,
    "language": 3,
    "audio": "1_fr.wav"
  }
},
{
  "model": "service_development.voicefragment",
  "pk": 42,
  "fields": {
    "parent": 10,
    "language": 1,
    "audio": "post_choice_option_nl.wav"
  }
},
{
  "model": "service_development.voicefragment",
  "pk": 43,
  "fields": {
    "parent": 10,
    "language": 2,
    "audio": "post_choice_option_en.wav"
  }
},
{
  "model": "service_development.voicefragment",
  "pk": 44,
  "fields": {
    "parent": 10,
    "language": 3,
    "audio": "post_choice_option_fr.wav"
  }
},
{
  "model": "service_development.voicefragment",
  "pk": 45,
  "fields": {
    "parent": 9,
    "language": 1,
    "audio": "pre_choice_option_nl.wav"
  }
},
{
  "model": "service_development.voicefragment",
  "pk": 46,
  "fields": {
    "parent": 9,
    "language": 2,
    "audio": "pre_choice_option_en.wav"
  }
},
{
  "model": "service_development.voicefragment",
  "pk": 47,
  "fields": {
    "parent": 9,
    "language": 3,
    "audio": "pre_choice_option_fr.wav"
  }
},
{
  "model": "service_development.voicefragment",
  "pk": 48,
  "fields": {
    "parent": 8,
    "language": 1,
    "audio": "select_language_nl.wav"
  }
},
{
  "model": "service_development.voicefragment",
  "pk": 49,
  "fields": {
    "parent": 8,
    "language": 2,
    "audio": "select_language_en.wav"
  }
},
{
  "model": "service_development.voicefragment",
  "pk": 50,
  "fields": {
    "parent": 8,
    "language": 3,
    "audio": "select_language_fr.wav"
  }
},
{
  "model": "service_development.voicefragment",
  "pk": 51,
  "fields": {
    "parent": 7,
    "language": 1,
    "audio": "french_nl.wav"
  }
},
{
  "model": "service_development.voicefragment",
  "pk": 52,
  "fields": {
    "parent": 7,
    "language": 2,
    "audio": "french_en.wav"
  }
},
{
  "model": "service_development.voicefragment",
  "pk": 53,
  "fields": {
    "parent": 7,
    "language": 3,
    "audio": "french_fr.wav"
  }
},
{
  "model": "service_development.voicefragment",
  "pk": 54,
  "fields": {
    "parent": 6,
    "language": 3,
    "audio": "boring_guy_fr.wav"
  }
},
{
  "model": "service_development.voicefragment",
  "pk": 55,
  "fields": {
    "parent": 5,
    "language": 1,
    "audio": "thank_you_for_using_nl.wav"
  }
},
{
  "model": "service_development.voicefragment",
  "pk": 56,
  "fields": {
    "parent": 5,
    "language": 2,
    "audio": "thank_you_for_using_en.wav"
  }
},
{
  "model": "service_development.voicefragment",
  "pk": 57,
  "fields": {
    "parent": 5,
    "language": 3,
    "audio": "thank_you_for_using_fr.wav"
  }
},
{
  "model": "service_development.voicefragment",
  "pk": 58,
  "fields": {
    "parent": 4,
    "language": 1,
    "audio": "english_nl.wav"
  }
},
{
  "model": "service_development.voicefragment",
  "pk": 59,
  "fields": {
    "parent": 4,
    "language": 2,
    "audio": "english_en.wav"
  }
},
{
  "model": "service_development.voicefragment",
  "pk": 60,
  "fields": {
    "parent": 4,
    "language": 3,
    "audio": "english_fr.wav"
  }
},
{
  "model": "service_development.voicefragment",
  "pk": 61,
  "fields": {
    "parent": 3,
    "language": 1,
    "audio": "truth_nl.wav"
  }
},
{
  "model": "service_development.voicefragment",
  "pk": 62,
  "fields": {
    "parent": 3,
    "language": 2,
    "audio": "truth_en.wav"
  }
},
{
  "model": "service_development.voicefragment",
  "pk": 63,
  "fields": {
    "parent": 3,
    "language": 3,
    "audio": "truth_fr.wav"
  }
},
{
  "model": "service_development.voicefragment",
  "pk": 64,
  "fields": {
    "parent": 2,
    "language": 1,
    "audio": "error_nl.wav"
  }
},
{
  "model": "service_development.voicefragment",
  "pk": 65,
  "fields": {
    "parent": 2,
    "language": 2,
    "audio": "error_en.wav"
  }
},
{
  "model": "service_development.voicefragment",
  "pk": 66,
  "fields": {
    "parent": 2,
    "language": 3,
    "audio": "error_fr.wav"
  }
},
{
  "model": "service_development.voicefragment",
  "pk": 67,
  "fields": {
    "parent": 1,
    "language": 1,
    "audio": "dutch_nl.wav"
  }
},
{
  "model": "service_development.voicefragment",
  "pk": 68,
  "fields": {
    "parent": 1,
    "language": 2,
    "audio": "dutch_en.wav"
  }
},
{
  "model": "service_development.voicefragment",
  "pk": 69,
  "fields": {
    "parent": 1,
    "language": 3,
    "audio": "dutch_fr.wav"
  }
},
{
  "model": "service_development.voicefragment",
  "pk": 70,
  "fields": {
    "parent": 23,
    "language": 1,
    "audio": "king_question_nl.wav"
  }
},
{
  "model": "service_development.voicefragment",
  "pk": 71,
  "fields": {
    "parent": 23,
    "language": 2,
    "audio": "king_question_en.wav"
  }
},
{
  "model": "service_development.voicefragment",
  "pk": 72,
  "fields": {
    "parent": 23,
    "language": 3,
    "audio": "king_question_fr.wav"
  }
},
{
  "model": "service_development.voicefragment",
  "pk": 74,
  "fields": {
    "parent": 25,
    "language": 3,
    "audio": "speakYourMessage.wav"
  }
},
{
  "model": "service_development.voicefragment",
  "pk": 75,
  "fields": {
    "parent": 26,
    "language": 2,
    "audio": "wet-english.wav"
  }
},
{
  "model": "service_development.voicefragment",
  "pk": 76,
  "fields": {
    "parent": 26,
    "language": 3,
    "audio": "wet-french.wav"
  }
},
{
  "model": "service_development.voicefragment",
  "pk": 81,
  "fields": {
    "parent": 29,
    "language": 2,
    "audio": "cocoa-english.wav"
  }
},
{
  "model": "service_development.voicefragment",
  "pk": 82,
  "fields": {
    "parent": 29,
    "language": 3,
    "audio": "cocoa-french.wav"
  }
},
{
  "model": "service_development.voicefragment",
  "pk": 83,
  "fields": {
    "parent": 30,
    "language": 2,
    "audio": "corn-english.wav"
  }
},
{
  "model": "service_development.voicefragment",
  "pk": 84,
  "fields": {
    "parent": 30,
    "language": 3,
    "audio": "corn-french.wav"
  }
},
{
  "model": "service_development.voicefragment",
  "pk": 85,
  "fields": {
    "parent": 31,
    "language": 2,
    "audio": "cotton-english.wav"
  }
},
{
  "model": "service_development.voicefragment",
  "pk": 86,
  "fields": {
    "parent": 31,
    "language": 3,
    "audio": "cotton-french.wav"
  }
},
{
  "model": "service_development.voicefragment",
  "pk": 87,
  "fields": {
    "parent": 32,
    "language": 2,
    "audio": "dry-english_UgKOuLY.wav"
  }
},
{
  "model": "service_development.voicefragment",
  "pk": 88,
  "fields": {
    "parent": 32,
    "language": 3,
    "audio": "dry-french_vurciYM.wav"
  }
},
{
  "model": "service_development.voicefragment",
  "pk": 89,
  "fields": {
    "parent": 33,
    "language": 2,
    "audio": "for-english-press-1.wav"
  }
},
{
  "model": "service_development.voicefragment",
  "pk": 90,
  "fields": {
    "parent": 33,
    "language": 3,
    "audio": "appuyez-sur-2-pour-francais.wav"
  }
},
{
  "model": "service_development.voicefragment",
  "pk": 91,
  "fields": {
    "parent": 34,
    "language": 2,
    "audio": "fertilizer-or-howto-english.wav"
  }
},
{
  "model": "service_development.voicefragment",
  "pk": 92,
  "fields": {
    "parent": 34,
    "language": 3,
    "audio": "fertilizer-or-howto-french.wav"
  }
},
{
  "model": "service_development.voicefragment",
  "pk": 93,
  "fields": {
    "parent": 35,
    "language": 2,
    "audio": "ammonium-sulphate-english.wav"
  }
},
{
  "model": "service_development.voicefragment",
  "pk": 94,
  "fields": {
    "parent": 35,
    "language": 3,
    "audio": "ammonium-sulphate-french.wav"
  }
},
{
  "model": "service_development.voicefragment",
  "pk": 95,
  "fields": {
    "parent": 36,
    "language": 2,
    "audio": "asasa-wure.wav"
  }
},
{
  "model": "service_development.voicefragment",
  "pk": 96,
  "fields": {
    "parent": 36,
    "language": 3,
    "audio": "asasa-wure_B6fXQ0G.wav"
  }
},
{
  "model": "service_development.voicefragment",
  "pk": 97,
  "fields": {
    "parent": 37,
    "language": 2,
    "audio": "give-crop-and-weather-english.wav"
  }
},
{
  "model": "service_development.voicefragment",
  "pk": 98,
  "fields": {
    "parent": 37,
    "language": 3,
    "audio": "give-crop-and-weather-french.wav"
  }
},
{
  "model": "service_development.voicefragment",
  "pk": 99,
  "fields": {
    "parent": 38,
    "language": 2,
    "audio": "inoculant-english.wav"
  }
},
{
  "model": "service_development.voicefragment",
  "pk": 100,
  "fields": {
    "parent": 38,
    "language": 3,
    "audio": "inoculant-french.wav"
  }
},
{
  "model": "service_development.voicefragment",
  "pk": 101,
  "fields": {
    "parent": 39,
    "language": 2,
    "audio": "please-try-again-english.wav"
  }
},
{
  "model": "service_development.voicefragment",
  "pk": 102,
  "fields": {
    "parent": 39,
    "language": 3,
    "audio": "please-try-again-french.wav"
  }
},
{
  "model": "service_development.voicefragment",
  "pk": 103,
  "fields": {
    "parent": 40,
    "language": 2,
    "audio": "welcome-english.wav"
  }
},
{
  "model": "service_development.voicefragment",
  "pk": 104,
  "fields": {
    "parent": 40,
    "language": 3,
    "audio": "welcome-french.wav"
  }
},
{
  "model": "service_development.voicefragment",
  "pk": 105,
  "fields": {
    "parent": 41,
    "language": 2,
    "audio": "sorry-english.wav"
  }
},
{
  "model": "service_development.voicefragment",
  "pk": 106,
  "fields": {
    "parent": 41,
    "language": 3,
    "audio": "sorry-french.wav"
  }
},
{
  "model": "service_development.voicefragment",
  "pk": 107,
  "fields": {
    "parent": 42,
    "language": 2,
    "audio": "select-weather-english.wav"
  }
},
{
  "model": "service_development.voicefragment",
  "pk": 108,
  "fields": {
    "parent": 42,
    "language": 3,
    "audio": "select-weather-french.wav"
  }
},
{
  "model": "service_development.voicefragment",
  "pk": 109,
  "fields": {
    "parent": 43,
    "language": 2,
    "audio": "select-language-english.wav"
  }
},
{
  "model": "service_development.voicefragment",
  "pk": 110,
  "fields": {
    "parent": 43,
    "language": 3,
    "audio": "select-weather-french_lCcNPVB.wav"
  }
},
{
  "model": "service_development.voicefragment",
  "pk": 111,
  "fields": {
    "parent": 44,
    "language": 2,
    "audio": "select-crop-english.wav"
  }
},
{
  "model": "service_development.voicefragment",
  "pk": 112,
  "fields": {
    "parent": 44,
    "language": 3,
    "audio": "select-language-french.wav"
  }
},
{
  "model": "service_development.voicefragment",
  "pk": 113,
  "fields": {
    "parent": 45,
    "language": 2,
    "audio": "flowering-english.wav"
  }
},
{
  "model": "service_development.voicefragment",
  "pk": 114,
  "fields": {
    "parent": 46,
    "language": 2,
    "audio": "planting-english.wav"
  }
},
{
  "model": "service_development.voicefragment",
  "pk": 115,
  "fields": {
    "parent": 47,
    "language": 2,
    "audio": "okra-english.wav"
  }
},
{
  "model": "service_development.voicefragment",
  "pk": 116,
  "fields": {
    "parent": 48,
    "language": 2,
    "audio": "cassave-english.wav"
  }
},
{
  "model": "service_development.voicefragment",
  "pk": 117,
  "fields": {
    "parent": 49,
    "language": 2,
    "audio": "mango-english.wav"
  }
},
{
  "model": "service_development.voicefragment",
  "pk": 118,
  "fields": {
    "parent": 50,
    "language": 2,
    "audio": "thanks-english.wav"
  }
},
{
  "model": "service_development.voicefragment",
  "pk": 119,
  "fields": {
    "parent": 50,
    "language": 3,
    "audio": "thanks-french.wav"
  }
},
{
  "model": "service_development.voicefragment",
  "pk": 120,
  "fields": {
    "parent": 51,
    "language": 2,
    "audio": "nice-day-english.wav"
  }
},
{
  "model": "service_development.voicefragment",
  "pk": 121,
  "fields": {
    "parent": 51,
    "language": 3,
    "audio": "nice-day-french.wav"
  }
},
{
  "model": "service_development.voicefragment",
  "pk": 122,
  "fields": {
    "parent": 52,
    "language": 2,
    "audio": "advice-okra-flowering.wav"
  }
},
{
  "model": "service_development.voicefragment",
  "pk": 123,
  "fields": {
    "parent": 53,
    "language": 2,
    "audio": "advice-okra-planting.wav"
  }
},
{
  "model": "service_development.voicefragment",
  "pk": 124,
  "fields": {
    "parent": 54,
    "language": 2,
    "audio": "advice-mango-1-english.wav"
  }
},
{
  "model": "service_development.voicefragment",
  "pk": 125,
  "fields": {
    "parent": 55,
    "language": 2,
    "audio": "advice-mango-2-english.wav"
  }
},
{
  "model": "service_development.voicefragment",
  "pk": 126,
  "fields": {
    "parent": 56,
    "language": 2,
    "audio": "advice-mango-3-english.wav"
  }
},
{
  "model": "service_development.voicefragment",
  "pk": 127,
  "fields": {
    "parent": 57,
    "language": 2,
    "audio": "advice-cassava-english.wav"
  }
},
{
  "model": "service_development.voicefragment",
  "pk": 128,
  "fields": {
    "parent": 58,
    "language": 2,
    "audio": "2-split-english.wav"
  }
},
{
  "model": "service_development.voicefragment",
  "pk": 129,
  "fields": {
    "parent": 59,
    "language": 2,
    "audio": "3-split-english.wav"
  }
},
{
  "model": "service_development.voicefragment",
  "pk": 130,
  "fields": {
    "parent": 60,
    "language": 2,
    "audio": "tomato-english.wav"
  }
},
{
  "model": "service_development.voicefragment",
  "pk": 131,
  "fields": {
    "parent": 61,
    "language": 2,
    "audio": "planting-flowering.wav"
  }
},
{
  "model": "service_development.voicefragment",
  "pk": 132,
  "fields": {
    "parent": 62,
    "language": 2,
    "audio": "planting-flowering-options.wav"
  }
},
{
  "model": "service_development.voicefragment",
  "pk": 133,
  "fields": {
    "parent": 63,
    "language": 2,
    "audio": "select-age-tree-english.wav"
  }
},
{
  "model": "service_development.voiceservicesubelement",
  "pk": 2,
  "fields": {
    "service": 1,
    "creation_date": "2017-04-23T19:30:23.792Z",
    "modification_date": "2018-02-16T16:42:26.402Z",
    "name": "Does the king like to drink beer?",
    "description": "",
    "voice_label": 23
  }
},
{
  "model": "service_development.voiceservicesubelement",
  "pk": 3,
  "fields": {
    "service": 1,
    "creation_date": "2017-04-23T19:32:07.853Z",
    "modification_date": "2018-01-25T14:35:48.977Z",
    "name": "Yes",
    "description": "King <3's BEER",
    "voice_label": 21
  }
},
{
  "model": "service_development.voiceservicesubelement",
  "pk": 4,
  "fields": {
    "service": 1,
    "creation_date": "2017-04-23T19:32:07.854Z",
    "modification_date": "2018-02-16T16:42:26.405Z",
    "name": "No",
    "description": "",
    "voice_label": 22
  }
},
{
  "model": "service_development.voiceservicesubelement",
  "pk": 5,
  "fields": {
    "service": 1,
    "creation_date": "2017-04-23T19:49:50.055Z",
    "modification_date": "2018-02-16T16:42:51.484Z",
    "name": "This is the truth",
    "description": "",
    "voice_label": 3
  }
},
{
  "model": "service_development.voiceservicesubelement",
  "pk": 6,
  "fields": {
    "service": 1,
    "creation_date": "2017-04-23T21:11:06.805Z",
    "modification_date": "2017-04-23T21:33:29.853Z",
    "name": "Thank you for using this service",
    "description": "",
    "voice_label": 5
  }
},
{
  "model": "service_development.voiceservicesubelement",
  "pk": 7,
  "fields": {
    "service": 1,
    "creation_date": "2017-04-23T21:36:55.756Z",
    "modification_date": "2017-04-23T21:36:55.756Z",
    "name": "King is boring",
    "description": "",
    "voice_label": 6
  }
},
{
  "model": "service_development.voiceservicesubelement",
  "pk": 8,
  "fields": {
    "service": 2,
    "creation_date": "2018-05-04T10:37:51.968Z",
    "modification_date": "2018-05-04T11:07:05.240Z",
    "name": "Choose language",
    "description": "Two options for the language are provided.",
    "voice_label": 43
  }
},
{
  "model": "service_development.voiceservicesubelement",
  "pk": 9,
  "fields": {
    "service": 2,
    "creation_date": "2018-05-04T10:42:57.509Z",
    "modification_date": "2018-05-15T10:02:39.527Z",
    "name": "Crop options",
    "description": "",
    "voice_label": 44
  }
},
{
  "model": "service_development.voiceservicesubelement",
  "pk": 10,
  "fields": {
    "service": 2,
    "creation_date": "2018-05-04T10:42:57.517Z",
    "modification_date": "2018-05-15T10:02:39.555Z",
    "name": "Cassava",
    "description": "",
    "voice_label": 48
  }
},
{
  "model": "service_development.voiceservicesubelement",
  "pk": 11,
  "fields": {
    "service": 2,
    "creation_date": "2018-05-04T10:42:57.520Z",
    "modification_date": "2018-05-15T10:02:39.575Z",
    "name": "Mango",
    "description": "",
    "voice_label": 49
  }
},
{
  "model": "service_development.voiceservicesubelement",
  "pk": 12,
  "fields": {
    "service": 2,
    "creation_date": "2018-05-04T10:42:57.525Z",
    "modification_date": "2018-05-15T10:02:39.577Z",
    "name": "Okra",
    "description": "",
    "voice_label": 47
  }
},
{
  "model": "service_development.voiceservicesubelement",
  "pk": 13,
  "fields": {
    "service": 2,
    "creation_date": "2018-05-04T10:43:56.887Z",
    "modification_date": "2018-05-04T11:25:49.944Z",
    "name": "Weather options, when crop is cacao",
    "description": "",
    "voice_label": 42
  }
},
{
  "model": "service_development.voiceservicesubelement",
  "pk": 14,
  "fields": {
    "service": 2,
    "creation_date": "2018-05-04T10:43:56.895Z",
    "modification_date": "2018-05-04T11:19:31.738Z",
    "name": "Wet",
    "description": "",
    "voice_label": 26
  }
},
{
  "model": "service_development.voiceservicesubelement",
  "pk": 15,
  "fields": {
    "service": 2,
    "creation_date": "2018-05-04T10:43:56.898Z",
    "modification_date": "2018-05-04T11:19:31.744Z",
    "name": "Dry",
    "description": "",
    "voice_label": 32
  }
},
{
  "model": "service_development.voiceservicesubelement",
  "pk": 16,
  "fields": {
    "service": 2,
    "creation_date": "2018-05-04T10:45:10.299Z",
    "modification_date": "2018-05-17T09:30:02.981Z",
    "name": "Language options",
    "description": "",
    "voice_label": 8
  }
},
{
  "model": "service_development.voiceservicesubelement",
  "pk": 17,
  "fields": {
    "service": 2,
    "creation_date": "2018-05-04T10:45:10.309Z",
    "modification_date": "2018-05-17T09:30:02.985Z",
    "name": "English",
    "description": "",
    "voice_label": 4
  }
},
{
  "model": "service_development.voiceservicesubelement",
  "pk": 18,
  "fields": {
    "service": 2,
    "creation_date": "2018-05-04T10:45:10.314Z",
    "modification_date": "2018-05-17T09:30:02.985Z",
    "name": "French",
    "description": "",
    "voice_label": 7
  }
},
{
  "model": "service_development.voiceservicesubelement",
  "pk": 19,
  "fields": {
    "service": 2,
    "creation_date": "2018-05-04T10:48:32.329Z",
    "modification_date": "2018-05-04T10:50:21.377Z",
    "name": "Give crop and weather",
    "description": "",
    "voice_label": 37
  }
},
{
  "model": "service_development.voiceservicesubelement",
  "pk": 20,
  "fields": {
    "service": 2,
    "creation_date": "2018-05-04T10:49:48.969Z",
    "modification_date": "2018-05-04T10:49:48.969Z",
    "name": "Give weather",
    "description": "",
    "voice_label": 42
  }
},
{
  "model": "service_development.voiceservicesubelement",
  "pk": 21,
  "fields": {
    "service": 2,
    "creation_date": "2018-05-04T10:50:09.911Z",
    "modification_date": "2018-05-17T09:13:56.902Z",
    "name": "Give crop",
    "description": "",
    "voice_label": 44
  }
},
{
  "model": "service_development.voiceservicesubelement",
  "pk": 22,
  "fields": {
    "service": 2,
    "creation_date": "2018-05-04T11:16:42.276Z",
    "modification_date": "2018-05-04T11:16:42.276Z",
    "name": "ammonium-sulphate",
    "description": "",
    "voice_label": 35
  }
},
{
  "model": "service_development.voiceservicesubelement",
  "pk": 23,
  "fields": {
    "service": 2,
    "creation_date": "2018-05-04T11:17:08.493Z",
    "modification_date": "2018-05-04T11:17:08.493Z",
    "name": "asasa-wure",
    "description": "",
    "voice_label": 36
  }
},
{
  "model": "service_development.voiceservicesubelement",
  "pk": 24,
  "fields": {
    "service": 2,
    "creation_date": "2018-05-04T11:17:32.186Z",
    "modification_date": "2018-05-04T11:17:32.186Z",
    "name": "inoculant",
    "description": "",
    "voice_label": 38
  }
},
{
  "model": "service_development.voiceservicesubelement",
  "pk": 25,
  "fields": {
    "service": 2,
    "creation_date": "2018-05-04T11:27:02.254Z",
    "modification_date": "2018-05-04T11:27:02.254Z",
    "name": "Weather options, when crop is cotton",
    "description": "",
    "voice_label": 42
  }
},
{
  "model": "service_development.voiceservicesubelement",
  "pk": 26,
  "fields": {
    "service": 2,
    "creation_date": "2018-05-04T11:27:02.262Z",
    "modification_date": "2018-05-04T11:27:02.262Z",
    "name": "Wet",
    "description": "",
    "voice_label": 26
  }
},
{
  "model": "service_development.voiceservicesubelement",
  "pk": 27,
  "fields": {
    "service": 2,
    "creation_date": "2018-05-04T11:27:02.265Z",
    "modification_date": "2018-05-04T11:27:02.265Z",
    "name": "Dry",
    "description": "",
    "voice_label": 32
  }
},
{
  "model": "service_development.voiceservicesubelement",
  "pk": 28,
  "fields": {
    "service": 2,
    "creation_date": "2018-05-04T11:28:23.487Z",
    "modification_date": "2018-05-04T11:28:23.487Z",
    "name": "Weather options, when crop is corn",
    "description": "",
    "voice_label": 42
  }
},
{
  "model": "service_development.voiceservicesubelement",
  "pk": 29,
  "fields": {
    "service": 2,
    "creation_date": "2018-05-04T11:28:23.498Z",
    "modification_date": "2018-05-04T11:28:23.498Z",
    "name": "Wet",
    "description": "",
    "voice_label": 26
  }
},
{
  "model": "service_development.voiceservicesubelement",
  "pk": 30,
  "fields": {
    "service": 2,
    "creation_date": "2018-05-04T11:28:23.500Z",
    "modification_date": "2018-05-04T11:28:23.500Z",
    "name": "Dry",
    "description": "",
    "voice_label": 32
  }
},
{
  "model": "service_development.voiceservicesubelement",
  "pk": 31,
  "fields": {
    "service": 2,
    "creation_date": "2018-05-14T13:50:38.256Z",
    "modification_date": "2018-05-14T13:51:11.183Z",
    "name": "Final message part 1",
    "description": "",
    "voice_label": 50
  }
},
{
  "model": "service_development.voiceservicesubelement",
  "pk": 32,
  "fields": {
    "service": 2,
    "creation_date": "2018-05-14T13:51:00.290Z",
    "modification_date": "2018-05-14T13:51:00.290Z",
    "name": "Final message part 2",
    "description": "",
    "voice_label": 51
  }
},
{
  "model": "service_development.voiceservicesubelement",
  "pk": 33,
  "fields": {
    "service": 2,
    "creation_date": "2018-05-14T13:52:08.811Z",
    "modification_date": "2018-05-14T13:52:08.811Z",
    "name": "Advice cassava",
    "description": "",
    "voice_label": 57
  }
},
{
  "model": "service_development.voiceservicesubelement",
  "pk": 34,
  "fields": {
    "service": 2,
    "creation_date": "2018-05-14T13:59:23.530Z",
    "modification_date": "2018-05-14T13:59:23.530Z",
    "name": "Advice okra flowering",
    "description": "",
    "voice_label": 52
  }
},
{
  "model": "service_development.voiceservicesubelement",
  "pk": 35,
  "fields": {
    "service": 2,
    "creation_date": "2018-05-14T14:04:19.193Z",
    "modification_date": "2018-05-14T14:04:19.193Z",
    "name": "Advice okra planting",
    "description": "",
    "voice_label": 53
  }
},
{
  "model": "service_development.voiceservicesubelement",
  "pk": 36,
  "fields": {
    "service": 2,
    "creation_date": "2018-05-15T09:48:39.722Z",
    "modification_date": "2018-05-15T09:48:39.722Z",
    "name": "Advice mango 1",
    "description": "",
    "voice_label": 54
  }
},
{
  "model": "service_development.voiceservicesubelement",
  "pk": 37,
  "fields": {
    "service": 2,
    "creation_date": "2018-05-15T09:49:04.684Z",
    "modification_date": "2018-05-15T09:49:04.684Z",
    "name": "Advice mango 2",
    "description": "",
    "voice_label": 55
  }
},
{
  "model": "service_development.voiceservicesubelement",
  "pk": 38,
  "fields": {
    "service": 2,
    "creation_date": "2018-05-15T09:49:25.500Z",
    "modification_date": "2018-05-15T09:49:25.500Z",
    "name": "Advice mango 3",
    "description": "",
    "voice_label": 56
  }
},
{
  "model": "service_development.voiceservicesubelement",
  "pk": 39,
  "fields": {
    "service": 2,
    "creation_date": "2018-05-15T09:55:02.071Z",
    "modification_date": "2018-05-15T09:55:02.071Z",
    "name": "Choose phase",
    "description": "",
    "voice_label": 62
  }
},
{
  "model": "service_development.voiceservicesubelement",
  "pk": 40,
  "fields": {
    "service": 2,
    "creation_date": "2018-05-15T09:55:02.115Z",
    "modification_date": "2018-05-15T09:55:02.116Z",
    "name": "Planting",
    "description": "",
    "voice_label": 46
  }
},
{
  "model": "service_development.voiceservicesubelement",
  "pk": 41,
  "fields": {
    "service": 2,
    "creation_date": "2018-05-15T09:55:02.117Z",
    "modification_date": "2018-05-15T09:55:02.117Z",
    "name": "Flowering",
    "description": "",
    "voice_label": 45
  }
},
{
  "model": "service_development.voiceservicesubelement",
  "pk": 42,
  "fields": {
    "service": 2,
    "creation_date": "2018-05-15T09:55:52.422Z",
    "modification_date": "2018-05-15T09:55:52.422Z",
    "name": "Please select your phase",
    "description": "",
    "voice_label": 61
  }
},
{
  "model": "service_development.voiceservicesubelement",
  "pk": 43,
  "fields": {
    "service": 2,
    "creation_date": "2018-05-15T10:00:06.092Z",
    "modification_date": "2018-05-15T10:00:06.092Z",
    "name": "Choose age in years",
    "description": "",
    "voice_label": 63
  }
},
{
  "model": "service_development.voiceservicesubelement",
  "pk": 44,
  "fields": {
    "service": 2,
    "creation_date": "2018-05-15T10:00:06.111Z",
    "modification_date": "2018-05-15T10:00:06.111Z",
    "name": "One",
    "description": "",
    "voice_label": 11
  }
},
{
  "model": "service_development.voiceservicesubelement",
  "pk": 45,
  "fields": {
    "service": 2,
    "creation_date": "2018-05-15T10:00:06.111Z",
    "modification_date": "2018-05-15T10:00:06.111Z",
    "name": "Two",
    "description": "",
    "voice_label": 12
  }
},
{
  "model": "service_development.voiceservicesubelement",
  "pk": 46,
  "fields": {
    "service": 2,
    "creation_date": "2018-05-15T10:00:06.127Z",
    "modification_date": "2018-05-15T10:00:06.127Z",
    "name": "Three or more (seven or more)",
    "description": "",
    "voice_label": 13
  }
},
{
  "model": "service_development.voiceservicesubelement",
  "pk": 47,
  "fields": {
    "service": 2,
    "creation_date": "2018-05-17T09:21:44.459Z",
    "modification_date": "2018-05-17T09:30:45.747Z",
    "name": "Choose type of crop",
    "description": "",
    "voice_label": 30
  }
},
{
  "model": "service_development.voiceservicesubelement",
  "pk": 48,
  "fields": {
    "service": 2,
    "creation_date": "2018-05-17T09:21:44.483Z",
    "modification_date": "2018-05-17T09:30:45.755Z",
    "name": "Cash (non-food)",
    "description": "",
    "voice_label": 31
  }
},
{
  "model": "service_development.voiceservicesubelement",
  "pk": 49,
  "fields": {
    "service": 2,
    "creation_date": "2018-05-17T09:21:44.487Z",
    "modification_date": "2018-05-17T09:30:45.787Z",
    "name": "Vegetable",
    "description": "",
    "voice_label": 31
  }
},
{
  "model": "service_development.voiceservicesubelement",
  "pk": 50,
  "fields": {
    "service": 2,
    "creation_date": "2018-05-17T09:21:44.583Z",
    "modification_date": "2018-05-17T09:30:45.791Z",
    "name": "Fruit",
    "description": "",
    "voice_label": 31
  }
},
{
  "model": "service_development.voiceservicesubelement",
  "pk": 51,
  "fields": {
    "service": 2,
    "creation_date": "2018-05-17T09:25:16.651Z",
    "modification_date": "2018-05-17T09:31:48.443Z",
    "name": "Select cash crop",
    "description": "",
    "voice_label": 31
  }
},
{
  "model": "service_development.voiceservicesubelement",
  "pk": 52,
  "fields": {
    "service": 2,
    "creation_date": "2018-05-17T09:25:16.659Z",
    "modification_date": "2018-05-17T09:25:16.659Z",
    "name": "cocoa",
    "description": "",
    "voice_label": 29
  }
},
{
  "model": "service_development.voiceservicesubelement",
  "pk": 53,
  "fields": {
    "service": 2,
    "creation_date": "2018-05-17T09:26:35.581Z",
    "modification_date": "2018-05-17T09:31:14.285Z",
    "name": "Select vegetable crop",
    "description": "",
    "voice_label": 44
  }
},
{
  "model": "service_development.voiceservicesubelement",
  "pk": 54,
  "fields": {
    "service": 2,
    "creation_date": "2018-05-17T09:26:35.609Z",
    "modification_date": "2018-05-17T09:31:14.293Z",
    "name": "Cassava",
    "description": "",
    "voice_label": 48
  }
},
{
  "model": "service_development.voiceservicesubelement",
  "pk": 55,
  "fields": {
    "service": 2,
    "creation_date": "2018-05-17T09:28:30.627Z",
    "modification_date": "2018-05-17T09:31:25.914Z",
    "name": "Select fruit crop",
    "description": "",
    "voice_label": 30
  }
},
{
  "model": "service_development.voiceservicesubelement",
  "pk": 56,
  "fields": {
    "service": 2,
    "creation_date": "2018-05-17T09:28:30.675Z",
    "modification_date": "2018-05-17T09:28:30.675Z",
    "name": "Mango",
    "description": "",
    "voice_label": 49
  }
},
{
  "model": "service_development.voiceservicesubelement",
  "pk": 57,
  "fields": {
    "service": 2,
    "creation_date": "2018-05-17T09:28:30.675Z",
    "modification_date": "2018-05-17T09:28:30.675Z",
    "name": "Okra",
    "description": "",
    "voice_label": 47
  }
},
{
  "model": "service_development.voiceserviceelement",
  "pk": 2,
  "fields": {}
},
{
  "model": "service_development.voiceserviceelement",
  "pk": 5,
  "fields": {}
},
{
  "model": "service_development.voiceserviceelement",
  "pk": 6,
  "fields": {}
},
{
  "model": "service_development.voiceserviceelement",
  "pk": 7,
  "fields": {}
},
{
  "model": "service_development.voiceserviceelement",
  "pk": 8,
  "fields": {}
},
{
  "model": "service_development.voiceserviceelement",
  "pk": 9,
  "fields": {}
},
{
  "model": "service_development.voiceserviceelement",
  "pk": 13,
  "fields": {}
},
{
  "model": "service_development.voiceserviceelement",
  "pk": 16,
  "fields": {}
},
{
  "model": "service_development.voiceserviceelement",
  "pk": 19,
  "fields": {}
},
{
  "model": "service_development.voiceserviceelement",
  "pk": 20,
  "fields": {}
},
{
  "model": "service_development.voiceserviceelement",
  "pk": 21,
  "fields": {}
},
{
  "model": "service_development.voiceserviceelement",
  "pk": 22,
  "fields": {}
},
{
  "model": "service_development.voiceserviceelement",
  "pk": 23,
  "fields": {}
},
{
  "model": "service_development.voiceserviceelement",
  "pk": 24,
  "fields": {}
},
{
  "model": "service_development.voiceserviceelement",
  "pk": 25,
  "fields": {}
},
{
  "model": "service_development.voiceserviceelement",
  "pk": 28,
  "fields": {}
},
{
  "model": "service_development.voiceserviceelement",
  "pk": 31,
  "fields": {}
},
{
  "model": "service_development.voiceserviceelement",
  "pk": 32,
  "fields": {}
},
{
  "model": "service_development.voiceserviceelement",
  "pk": 33,
  "fields": {}
},
{
  "model": "service_development.voiceserviceelement",
  "pk": 34,
  "fields": {}
},
{
  "model": "service_development.voiceserviceelement",
  "pk": 35,
  "fields": {}
},
{
  "model": "service_development.voiceserviceelement",
  "pk": 36,
  "fields": {}
},
{
  "model": "service_development.voiceserviceelement",
  "pk": 37,
  "fields": {}
},
{
  "model": "service_development.voiceserviceelement",
  "pk": 38,
  "fields": {}
},
{
  "model": "service_development.voiceserviceelement",
  "pk": 39,
  "fields": {}
},
{
  "model": "service_development.voiceserviceelement",
  "pk": 42,
  "fields": {}
},
{
  "model": "service_development.voiceserviceelement",
  "pk": 43,
  "fields": {}
},
{
  "model": "service_development.voiceserviceelement",
  "pk": 47,
  "fields": {}
},
{
  "model": "service_development.voiceserviceelement",
  "pk": 51,
  "fields": {}
},
{
  "model": "service_development.voiceserviceelement",
  "pk": 53,
  "fields": {}
},
{
  "model": "service_development.voiceserviceelement",
  "pk": 55,
  "fields": {}
},
{
  "model": "service_development.voiceservice",
  "pk": 1,
  "fields": {
    "name": "King's truth checker",
    "description": "Checks the user's knowledge about the king of the Netherlands",
    "creation_date": "2017-04-23T19:23:52.392Z",
    "modification_date": "2018-02-16T09:58:43.936Z",
    "active": false,
    "_start_element": 2,
    "registration": "preferred",
    "registration_language": true,
    "registration_name": false,
    "supported_languages": [
      1,
      2,
      3
    ]
  }
},
{
  "model": "service_development.voiceservice",
  "pk": 2,
  "fields": {
    "name": "DetermineFertilizer",
    "description": "The user is asked to select first a language, then a crop and then the weather condition. An appropriate fertilizer is provided.",
    "creation_date": "2018-05-04T10:33:09.229Z",
    "modification_date": "2018-05-17T09:16:25.383Z",
    "active": true,
    "_start_element": 8,
    "registration": "preferred",
    "registration_language": false,
    "registration_name": false,
    "supported_languages": [
      2
    ]
  }
},
{
  "model": "service_development.kasadakauser",
  "pk": 1,
  "fields": {
    "caller_id": "456",
    "first_name": "Henk",
    "last_name": "Ernia",
    "creation_date": "2018-02-02T11:10:27.670Z",
    "modification_date": "2018-02-12T14:44:24.019Z",
    "language": 1,
    "service": 1
  }
},
{
  "model": "service_development.choice",
  "pk": 2,
  "fields": {}
},
{
  "model": "service_development.choice",
  "pk": 9,
  "fields": {}
},
{
  "model": "service_development.choice",
  "pk": 13,
  "fields": {}
},
{
  "model": "service_development.choice",
  "pk": 16,
  "fields": {}
},
{
  "model": "service_development.choice",
  "pk": 25,
  "fields": {}
},
{
  "model": "service_development.choice",
  "pk": 28,
  "fields": {}
},
{
  "model": "service_development.choice",
  "pk": 39,
  "fields": {}
},
{
  "model": "service_development.choice",
  "pk": 43,
  "fields": {}
},
{
  "model": "service_development.choice",
  "pk": 47,
  "fields": {}
},
{
  "model": "service_development.choice",
  "pk": 51,
  "fields": {}
},
{
  "model": "service_development.choice",
  "pk": 53,
  "fields": {}
},
{
  "model": "service_development.choice",
  "pk": 55,
  "fields": {}
},
{
  "model": "service_development.choiceoption",
  "pk": 3,
  "fields": {
    "parent": 2,
    "_redirect": 5
  }
},
{
  "model": "service_development.choiceoption",
  "pk": 4,
  "fields": {
    "parent": 2,
    "_redirect": 7
  }
},
{
  "model": "service_development.choiceoption",
  "pk": 10,
  "fields": {
    "parent": 9,
    "_redirect": 33
  }
},
{
  "model": "service_development.choiceoption",
  "pk": 11,
  "fields": {
    "parent": 9,
    "_redirect": 43
  }
},
{
  "model": "service_development.choiceoption",
  "pk": 12,
  "fields": {
    "parent": 9,
    "_redirect": 42
  }
},
{
  "model": "service_development.choiceoption",
  "pk": 14,
  "fields": {
    "parent": 13,
    "_redirect": 23
  }
},
{
  "model": "service_development.choiceoption",
  "pk": 15,
  "fields": {
    "parent": 13,
    "_redirect": 23
  }
},
{
  "model": "service_development.choiceoption",
  "pk": 17,
  "fields": {
    "parent": 16,
    "_redirect": 47
  }
},
{
  "model": "service_development.choiceoption",
  "pk": 18,
  "fields": {
    "parent": 16,
    "_redirect": 47
  }
},
{
  "model": "service_development.choiceoption",
  "pk": 26,
  "fields": {
    "parent": 25,
    "_redirect": 24
  }
},
{
  "model": "service_development.choiceoption",
  "pk": 27,
  "fields": {
    "parent": 25,
    "_redirect": 22
  }
},
{
  "model": "service_development.choiceoption",
  "pk": 29,
  "fields": {
    "parent": 28,
    "_redirect": 24
  }
},
{
  "model": "service_development.choiceoption",
  "pk": 30,
  "fields": {
    "parent": 28,
    "_redirect": 23
  }
},
{
  "model": "service_development.choiceoption",
  "pk": 40,
  "fields": {
    "parent": 39,
    "_redirect": 35
  }
},
{
  "model": "service_development.choiceoption",
  "pk": 41,
  "fields": {
    "parent": 39,
    "_redirect": 34
  }
},
{
  "model": "service_development.choiceoption",
  "pk": 44,
  "fields": {
    "parent": 43,
    "_redirect": 36
  }
},
{
  "model": "service_development.choiceoption",
  "pk": 45,
  "fields": {
    "parent": 43,
    "_redirect": 37
  }
},
{
  "model": "service_development.choiceoption",
  "pk": 46,
  "fields": {
    "parent": 43,
    "_redirect": 38
  }
},
{
  "model": "service_development.choiceoption",
  "pk": 48,
  "fields": {
    "parent": 47,
    "_redirect": 51
  }
},
{
  "model": "service_development.choiceoption",
  "pk": 49,
  "fields": {
    "parent": 47,
    "_redirect": 53
  }
},
{
  "model": "service_development.choiceoption",
  "pk": 50,
  "fields": {
    "parent": 47,
    "_redirect": 55
  }
},
{
  "model": "service_development.choiceoption",
  "pk": 52,
  "fields": {
    "parent": 51,
    "_redirect": 39
  }
},
{
  "model": "service_development.choiceoption",
  "pk": 54,
  "fields": {
    "parent": 53,
    "_redirect": 33
  }
},
{
  "model": "service_development.choiceoption",
  "pk": 56,
  "fields": {
    "parent": 55,
    "_redirect": 43
  }
},
{
  "model": "service_development.choiceoption",
  "pk": 57,
  "fields": {
    "parent": 55,
    "_redirect": 42
  }
},
{
  "model": "service_development.messagepresentation",
  "pk": 5,
  "fields": {
    "final_element": false,
    "_redirect": 6
  }
},
{
  "model": "service_development.messagepresentation",
  "pk": 6,
  "fields": {
    "final_element": true,
    "_redirect": null
  }
},
{
  "model": "service_development.messagepresentation",
  "pk": 7,
  "fields": {
    "final_element": false,
    "_redirect": 6
  }
},
{
  "model": "service_development.messagepresentation",
  "pk": 8,
  "fields": {
    "final_element": false,
    "_redirect": 16
  }
},
{
  "model": "service_development.messagepresentation",
  "pk": 19,
  "fields": {
    "final_element": false,
    "_redirect": 21
  }
},
{
  "model": "service_development.messagepresentation",
  "pk": 20,
  "fields": {
    "final_element": false,
    "_redirect": 13
  }
},
{
  "model": "service_development.messagepresentation",
  "pk": 21,
  "fields": {
    "final_element": false,
    "_redirect": 9
  }
},
{
  "model": "service_development.messagepresentation",
  "pk": 22,
  "fields": {
    "final_element": true,
    "_redirect": null
  }
},
{
  "model": "service_development.messagepresentation",
  "pk": 23,
  "fields": {
    "final_element": true,
    "_redirect": null
  }
},
{
  "model": "service_development.messagepresentation",
  "pk": 24,
  "fields": {
    "final_element": true,
    "_redirect": null
  }
},
{
  "model": "service_development.messagepresentation",
  "pk": 31,
  "fields": {
    "final_element": false,
    "_redirect": 32
  }
},
{
  "model": "service_development.messagepresentation",
  "pk": 32,
  "fields": {
    "final_element": true,
    "_redirect": null
  }
},
{
  "model": "service_development.messagepresentation",
  "pk": 33,
  "fields": {
    "final_element": false,
    "_redirect": 31
  }
},
{
  "model": "service_development.messagepresentation",
  "pk": 34,
  "fields": {
    "final_element": false,
    "_redirect": 31
  }
},
{
  "model": "service_development.messagepresentation",
  "pk": 35,
  "fields": {
    "final_element": false,
    "_redirect": 31
  }
},
{
  "model": "service_development.messagepresentation",
  "pk": 36,
  "fields": {
    "final_element": false,
    "_redirect": 31
  }
},
{
  "model": "service_development.messagepresentation",
  "pk": 37,
  "fields": {
    "final_element": false,
    "_redirect": 31
  }
},
{
  "model": "service_development.messagepresentation",
  "pk": 38,
  "fields": {
    "final_element": false,
    "_redirect": 31
  }
},
{
  "model": "service_development.messagepresentation",
  "pk": 42,
  "fields": {
    "final_element": false,
    "_redirect": 39
  }
}
]
